campaign_title,campaign_url
Hari Sumpah Pemuda Tahun 2021,https://www.twibbonize.com/harisumpahpemuda5
TWIBBON SUMPAH PEMUDA 2021,https://www.twibbonize.com/sumpahpemuda28102021
Hari Sumpah Pemuda Ke-93 Tahun 2021,https://www.twibbonize.com/8-sumpahpemuda93
Hari Sumpah Pemuda 2021,https://www.twibbonize.com/sumpahpemudabams
Hari Sumpah Pemuda,https://www.twibbonize.com/sumpahpemuda2803
Hari Listrik Nasional ke-76 Twibbon,https://www.twibbonize.com/hln76pln
HARI SUMPAH PEMUDA TAHUN 2021,https://www.twibbonize.com/sumpahpemuda2021komari
Hari Sumpah Pemuda 2021,https://www.twibbonize.com/sumpahpemuda932021
Bucin,https://www.twibbonize.com/bucinbangetlah
Sumpah Pemuda 2021,https://www.twibbonize.com/pbpgrisumpahpemuda
Bucin 2,https://www.twibbonize.com/bucinkuadrat
Hari Sumpah Pemuda Ke-93 Tahun 2021,https://www.twibbonize.com/6-sumpahpemuda93
Selamat Hari Sumpah Pemuda ke 93 - Tahun 2021,https://www.twibbonize.com/hsp2021onlyriduan03
Hari Sumpah Pemuda,https://www.twibbonize.com/sumpahpemuda2801
Peringatan Hari Sumpah Pemuda 2021,https://www.twibbonize.com/sumpahpemuda2021
DIES NATALIS UNSRI 61TH,https://www.twibbonize.com/1diesunsri61
Hari Sumpah Pemuda Tahun 2021,https://www.twibbonize.com/harisumpahpemuda4
Hari Sumpah Pemuda,https://www.twibbonize.com/sumpahpemudapancasila
Hari Sumpah Pemuda 2021,https://www.twibbonize.com/bnisumpahpemuda2021
Selamat Milad Muhammadiyah ke-109,https://www.twibbonize.com/milad109
HARI SUMPAH PEMUDA KE-93 TAHUN 2021,https://www.twibbonize.com/11-sumpahpemuda93
Memperingati Sumpah Pemuda 2021,https://www.twibbonize.com/harisumpahpemuda2021me
Selamat Hari Sumpah Pemuda ke 93 - Tahun 2021,https://www.twibbonize.com/hsp2021onlyriduan04
Hari Sumpah Pemuda 2021,https://www.twibbonize.com/hspemuda2021
Hari Sumpah Pemuda Ke-93 Tahun 2021,https://www.twibbonize.com/2-sumpahpemuda93
Selamat Memperingati Hari Sumpah Pemuda 28 Oktober 2021,https://www.twibbonize.com/pemuda004
Freeze Payments To Junta and Save Myanmar,https://www.twibbonize.com/bmc22222-url
BERBAHASA SEHAT INDONESIA TANGGUH YADIKA MAJU,https://www.twibbonize.com/yadikamaju
KONFERWIL XVIII NU JABAR,https://www.twibbonize.com/konferwilpwnujabar
Hari Sumpah Pemuda,https://www.twibbonize.com/hspkai
MiladIGRA,https://www.twibbonize.com/miladigraa2021
Selamat Memperingati Hari Sumpah Pemuda 28 Oktober 2021,https://www.twibbonize.com/pemuda001
Sumpah pemuda 2021,https://www.twibbonize.com/dinaspendidikansumpahpemuda
hari sumpah pemuda 2021 pks,https://www.twibbonize.com/hsp21pks
DIES NATALIS UNIVERSITAS SRIWIJAYA 61TH,https://www.twibbonize.com/2diesunsri61
Selamat Milad Muhammadiyah 109,https://www.twibbonize.com/miladmuhammadiyah-109
#SUMPAH PEMUDA,https://www.twibbonize.com/hariisumpahpemuda
hutke76kesad,https://www.twibbonize.com/hutke76kesad
DIES NATALIS UNSRI 61TH,https://www.twibbonize.com/5diesunsri61
Hari Sumpah Pemuda Ke-93 Tahun 2021,https://www.twibbonize.com/4-sumpahpemuda93
Sumpah Pemuda Ahe,https://www.twibbonize.com/sumpahpemudaahe
DIES NATALIS UNIVERSITAS SRIWIJAYA 61TH,https://www.twibbonize.com/3diesunsri61
SELAMAT HARI SUMPAH PEMUDA 2021,https://www.twibbonize.com/fd-hr-sumpahpemuda-2021
DIES NATALIS UNIVERSITAS SRIWIJAYA 61TH,https://www.twibbonize.com/4diesunsri61
Selamat Memperingati Hari Sumpah Pemuda 28 Oktober 2021,https://www.twibbonize.com/pemuda002
Hari Sumpah Pemuda Ke-93 Tahun 2021,https://www.twibbonize.com/10-sumpahpemuda93
SUMPAH PEMUDA,https://www.twibbonize.com/b2wharibike
Sumpah Pemuda 2021,https://www.twibbonize.com/url-sumpahpemuda2021
Selamat Memperingati Hari Sumpah Pemuda 28 Oktober 2021,https://www.twibbonize.com/pemuda009
Ayo Kursus!,https://www.twibbonize.com/ayokursuskemdikbud
Festival Semarak Sumpah Pemuda BEM-FEB,https://www.twibbonize.com/bemunkhairfestivalsumpahpemuda
hari sumpah pemuda 2021,https://www.twibbonize.com/pemudaharapan3
Zero Harm Week 2021,https://www.twibbonize.com/0harmweek2021
Milad Muhammadiyah ke-109,https://www.twibbonize.com/milad109muh
Hari Sumpah Pemuda,https://www.twibbonize.com/hari2sp2021
Hari Jadi Kabupaten Sumenep 752 Tahun,https://www.twibbonize.com/hjks752
Smpah Pemuda 2021,https://www.twibbonize.com/twibbonsumpahpemuda932021
HUT KE 2 PARTAI GELORA INDONESIA,https://www.twibbonize.com/hut2gelora1
SUMPAH PEMUDA,https://www.twibbonize.com/kotabekasiharisumpahpemuda
Selamat Hari Sumpah Pemuda,https://www.twibbonize.com/hari3sp2021
Sealamat Hari Sumpah Pemuda,https://www.twibbonize.com/sumpahpemudahni
Hari Sumpah Pemuda ke 93 Tahun,https://www.twibbonize.com/sumpahpemuda93th-2
Hari Sumpah Pemuda ke 93 Tahun,https://www.twibbonize.com/sumpahpemuda93th-1
LapoEnglish 5 tuoi,https://www.twibbonize.com/lapo5tuoi
